{"/38636/one-piece":{"Name":"One Piece","Synopsis":"It was a time when pirates ruled the seas. Several bands of pirates were battling over the great hidden treasure, One Piece, which was left by the now legendary pirate captain, Gold Roger. There was a young boy who admired the pirates, his name was Monkey D. Luffy. One day, he mistakenly eats the devil\u0060s ... More fruit and turns himself into a rubber human being.Ten years have passed since that incident. Luffy sets out to sail all alone. He sets out to become a great pirate captain and that\u0060s when his great adventure begins. \u0026quot;I\u0060m going to be the Pirate King! I\u0060m going to get One Piece!\u0026quot;. Less   fruit and turns himself into a rubber human being.Ten years have passed since that incident. Luffy sets out to sail all alone. He sets out to become a great pirate captain and that\u0060s when his great adventure begins. \u0026quot;I\u0060m going to be the Pirate King! I\u0060m going to get One Piece!\u0026quot;. Less","LastEpisode":"E1019","AnimeUrl":"/38636/one-piece","NextEpisodeTimestamp":1654389000,"ImageUrl":"https://simkl.in/posters/72/7248108487b1ea37_ca.jpg","ImagePath":"./assets/anime_posters/38636.png","IsFavourite":false,"FavouriteQuote":""},"/1573475/the-greatest-demon-lord-is-reborn-as-a-typical-nobody":{"Name":"The Greatest Demon Lord Is Reborn as a Typical Nobody","Synopsis":"* Based on a fantasy humorous light novel series written by Katou Myojin and illustrated by Mizuno Sao.As the most powerful entity of all time, the Demon Lord Varvatos thinks life is a big fat snore. When he takes matters into ... More his own hands and decides to reincarnate, he calibrates his magical strength to be perfectly average. But there is no way he could have predicted that everyone in the modern world would be weak as hell, which means he is totally overpowered once again! Reborn under the name Ard, he has ladies fawning over him, the royal family begging him to become the next king, and an ex-minion insisting on killing him?! But Ard has a one-track mind, and he won\u0060t stop at anything to achieve his ultimate goal! Less   his own hands and decides to reincarnate, he calibrates his magical strength to be perfectly average. But there is no way he could have predicted that everyone in the modern world would be weak as hell, which means he is totally overpowered once again! Reborn under the name Ard, he has ladies fawning over him, the royal family begging him to become the next king, and an ex-minion insisting on killing him?! But Ard has a one-track mind, and he won\u0060t stop at anything to achieve his ultimate goal! Less","LastEpisode":"E9","AnimeUrl":"/1573475/the-greatest-demon-lord-is-reborn-as-a-typical-nobody","NextEpisodeTimestamp":1654689600,"ImageUrl":"https://simkl.in/posters/12/12429675b7555f0fb0_ca.jpg","ImagePath":"./assets/anime_posters/1573475.png","IsFavourite":false,"FavouriteQuote":""},"/1614787/skeleton-knight-in-another-world":{"Name":"Skeleton Knight in Another World","Synopsis":"* Based on a fantasy light novel series written by Hakari Enki and illustrated by KeG.One day, a gamer played video games until he fell asleep... and when he woke up, he found himself in the game world - as a skeleton! Equipped ... More with the powerful weapons and armor of his avatar but stuck with its frightening skeletal appearance, Arc has to find a place for himself in this new, fantastical land. All his hopes for a quiet life are dashed when he crosses paths with a beautiful elven warrior, setting him on a journey full of conflict and adventure. Less   with the powerful weapons and armor of his avatar but stuck with its frightening skeletal appearance, Arc has to find a place for himself in this new, fantastical land. All his hopes for a quiet life are dashed when he crosses paths with a beautiful elven warrior, setting him on a journey full of conflict and adventure. Less","LastEpisode":"E8","AnimeUrl":"/1614787/skeleton-knight-in-another-world","NextEpisodeTimestamp":1654180200,"ImageUrl":"https://simkl.in/posters/12/124297256faa466ac8_ca.jpg","ImagePath":"./assets/anime_posters/1614787.png","IsFavourite":false,"FavouriteQuote":""},"/1573469/shikimoris-not-just-a-cutie":{"Name":"Shikimori\u0027s Not Just a Cutie","Synopsis":"* Based on a romance comedy shounen manga by Maki Keigo.Shikimori seems like the perfect girlfriend: cute, fun to be around, sweet when she wants to be... but she has a cool dark side that comes out under the right circumstances. ... More And her boyfriend Izumi loves to be around when that happens! Less   And her boyfriend Izumi loves to be around when that happens! Less","LastEpisode":"E7","AnimeUrl":"/1573469/shikimoris-not-just-a-cutie","NextEpisodeTimestamp":1654362000,"ImageUrl":"https://simkl.in/posters/12/1241350194efa25eb0_ca.jpg","ImagePath":"./assets/anime_posters/1573469.png","IsFavourite":false,"FavouriteQuote":""},"/1786702/trapped-in-a-dating-sim-the-world-of-otome-games-is-tough-for-mobs":{"Name":"Trapped in a Dating Sim: The World of Otome Games Is Tough for Mobs","Synopsis":"* Based on an isekai fantasy light novel series written by Mishima Yomu and illustrated by Monda.Office worker Leon is reincarnated into a dating sim video game, where women reign supreme and only beautiful men have a seat at the ... More table. But Leon has a secret weapon: he remembers everything from his past life, which includes a complete playthrough of the very game in which he is now trapped. Can Leon spark a revolution to change this new world order? Less   table. But Leon has a secret weapon: he remembers everything from his past life, which includes a complete playthrough of the very game in which he is now trapped. Can Leon spark a revolution to change this new world order? Less","LastEpisode":"E9","AnimeUrl":"/1786702/trapped-in-a-dating-sim-the-world-of-otome-games-is-tough-for-mobs","NextEpisodeTimestamp":1654434000,"ImageUrl":"https://simkl.in/posters/12/1201305558ac1a0fe6_ca.jpg","ImagePath":"./assets/anime_posters/1786702.png","IsFavourite":false,"FavouriteQuote":""},"/1462529/kaguya-sama-love-is-war---ultra-romantic":{"Name":"Kaguya-sama: Love Is War - Ultra Romantic","Synopsis":"* Based on a romantic comedy seinen manga by Akasaka Aka.Can Miyuki and Kaguya help Yuu escape the aggro of all his female classmates, let alone win the favor of the girl he\u0060s crushing on? Then, it\u0060s Miyuki who is teaching Chika ... More a new skill for a change. Kaguya faces the temptations and pitfalls of her new smartphone and social media. Ai takes on yet another secret identity. And the student council\u0060s parents cross paths at school conferences where they must decide what colleges their children will apply to.When you make plans, the gods laugh.Note: The first episode premiered at screenings in Los Angeles and New York on April 2, ahead of the regular TV broadcast on April 9. Less   a new skill for a change. Kaguya faces the temptations and pitfalls of her new smartphone and social media. Ai takes on yet another secret identity. And the student council\u0060s parents cross paths at school conferences where they must decide what colleges their children will apply to.When you make plans, the gods laugh.Note: The first episode premiered at screenings in Los Angeles and New York on April 2, ahead of the regular TV broadcast on April 9. Less","LastEpisode":"E8","AnimeUrl":"/1462529/kaguya-sama-love-is-war---ultra-romantic","NextEpisodeTimestamp":1654268400,"ImageUrl":"https://simkl.in/posters/10/104932654b59e67050_ca.jpg","ImagePath":"./assets/anime_posters/1462529.png","IsFavourite":false,"FavouriteQuote":""},"/1757919/im-quitting-heroing":{"Name":"I\u0027m Quitting Heroing","Synopsis":"After saving the world, the strongest hero Leo became someone who is not wanted in the peaceful human world. He was too strong. Exiled, he seeks a job at the Demon King\u0060s Army, which he had defeated and needs to be rebuilt. The Army had many problems: too much work, financial troubles, etc. Leo starts ... More to make things better using his power. Leo encounters Echidna again, and asks her why she invaded the human world. There was an unexpected story...! Less   to make things better using his power. Leo encounters Echidna again, and asks her why she invaded the human world. There was an unexpected story...! Less","LastEpisode":"E9","AnimeUrl":"/1757919/im-quitting-heroing","NextEpisodeTimestamp":1654608600,"ImageUrl":"https://simkl.in/posters/12/12460447841eb81d3c_ca.jpg","ImagePath":"./assets/anime_posters/1757919.png","IsFavourite":false,"FavouriteQuote":""},"/1812124/komi-cant-communicate":{"Name":"Komi Can\u0027t Communicate","Synopsis":"Note: It premiered on April 7, 2022 in Japan, followed by its April 27 release on Netflix. ","LastEpisode":"E9","AnimeUrl":"/1812124/komi-cant-communicate","NextEpisodeTimestamp":1654700400,"ImageUrl":"https://simkl.in/posters/12/12342716da4f15f6b5_ca.jpg","ImagePath":"./assets/anime_posters/1812124.png","IsFavourite":false,"FavouriteQuote":""},"/1698489/aharen-san-wa-hakarenai":{"Name":"Aharen-san wa Hakarenai","Synopsis":"* Based on a romantic comedy school manga by Mizu Asato.The teen romantic comedy follows the \u0026quot;indecipherable\u0026quot; daily life of the short and quiet Aharen Reina and Raidou who sits next to her. Aharen is not so good at gauging the ... More distance between people (or personal boundaries), and Raidou initially felt some distance between the two of them. One day, when Raidou picked up the eraser that Aharen had dropped, the distance between them suddenly became uncomfortably close. Less   distance between people (or personal boundaries), and Raidou initially felt some distance between the two of them. One day, when Raidou picked up the eraser that Aharen had dropped, the distance between them suddenly became uncomfortably close. Less","LastEpisode":"E9","AnimeUrl":"/1698489/aharen-san-wa-hakarenai","NextEpisodeTimestamp":1654277100,"ImageUrl":"https://simkl.in/posters/12/124493550b02eb1df8_ca.jpg","ImagePath":"./assets/anime_posters/1698489.png","IsFavourite":false,"FavouriteQuote":""},"/1604475/a-couple-of-cuckoos":{"Name":"A Couple of Cuckoos","Synopsis":"* Based on a love comedy shounen manga by Yoshikawa Miki.16-year-old super-studier Umino Nagi, second-year student at the Meguro River Academy high school, was switched at birth. On his way to a dinner to meet his birth parents, ... More he accidentally meets the brash, outspoken, Amano Erika, who is determined to make Nagi her fake boyfriend as she never wants to actually marry. But once Nagi makes it to dinner, he finds his parents have decided to resolve the hospital switch by conveniently having him marry the daughter his birth parents raised...who turns out to be none other than Erika herself! Less   he accidentally meets the brash, outspoken, Amano Erika, who is determined to make Nagi her fake boyfriend as she never wants to actually marry. But once Nagi makes it to dinner, he finds his parents have decided to resolve the hospital switch by conveniently having him marry the daughter his birth parents raised...who turns out to be none other than Erika herself! Less","LastEpisode":"E6","AnimeUrl":"/1604475/a-couple-of-cuckoos","NextEpisodeTimestamp":1654360200,"ImageUrl":"https://simkl.in/posters/12/12429783982e6bf6fc_ca.jpg","ImagePath":"./assets/anime_posters/1604475.png","IsFavourite":false,"FavouriteQuote":""},"/1766471/tomodachi-game":{"Name":"Tomodachi Game","Synopsis":"High school student Katagiri Yuuichi, who values friendship above all else, enjoys a fulfilling life with his close friends Sawaragi Shiho, Mikasa Tenji, Shibe Makoto, and Kokorogi Yutori.However, after a particular incident, they\u0060re ... More dragged into a debt repayment game.The only way to beat the \u0026quot;Tomodachi Game\u0026quot; is to not doubt their friends. Bound together by solid friendships, the game should\u0060ve been easy, but... Less    dragged into a debt repayment game.The only way to beat the \u0026quot;Tomodachi Game\u0026quot; is to not doubt their friends. Bound together by solid friendships, the game should\u0060ve been easy, but... Less","LastEpisode":"E9","AnimeUrl":"/1766471/tomodachi-game","NextEpisodeTimestamp":1654619340,"ImageUrl":"https://simkl.in/posters/12/124135431151b0d329_ca.jpg","ImagePath":"./assets/anime_posters/1766471.png","IsFavourite":false,"FavouriteQuote":""},"/643731/boruto-naruto-next-generations":{"Name":"Boruto: Naruto Next Generations","Synopsis":"The Hidden Leaf Village has entered an era of peace and modernity. Tall buildings line the streets, giant screens flash with images, and the Thunder Rail runs through the village, connecting each district together. Though it\u0060s still a ninja village, the number of civilians has increased and the life ... More of the shinobi is beginning to change.Uzumaki Boruto, son of Seventh Hokage Uzumaki Naruto, has enrolled in the Ninja Academy to learn the ways of the ninja. The other students are ready to dismiss him as \u0026quot;just the son of the Hokage,\u0026quot; but Boruto\u0060s heart and character blow all their assumptions away.As a series of mysterious events begins to unfold, it\u0060s up to Boruto and his new friends to handle them. Like a gale-force wind, Boruto makes his own way into everyone\u0060s hearts; his story is about to begin! Less   of the shinobi is beginning to change.Uzumaki Boruto, son of Seventh Hokage Uzumaki Naruto, has enrolled in the Ninja Academy to learn the ways of the ninja. The other students are ready to dismiss him as \u0026quot;just the son of the Hokage,\u0026quot; but Boruto\u0060s heart and character blow all their assumptions away.As a series of mysterious events begins to unfold, it\u0060s up to Boruto and his new friends to handle them. Like a gale-force wind, Boruto makes his own way into everyone\u0060s hearts; his story is about to begin! Less","LastEpisode":"E251","AnimeUrl":"/643731/boruto-naruto-next-generations","NextEpisodeTimestamp":1654417800,"ImageUrl":"https://simkl.in/posters/68/68164401fdefdddb2_ca.jpg","ImagePath":"./assets/anime_posters/643731.png","IsFavourite":false,"FavouriteQuote":""},"/1536163/summer-time-rendering":{"Name":"Summer Time Rendering","Synopsis":"* Based on a suspense sci-fi manga by Tanaka Yasuki.Upon hearing of Ushio\u0060s death, Shinpei returns to his hometown of Wakayama City on Hitogashima and reunites with his childhood friend\u0060s family. The funeral goes smoothly, but ... More under the surface something strange is brewing on the island. What mysteries await him on this secluded summer island? Less   under the surface something strange is brewing on the island. What mysteries await him on this secluded summer island? Less","LastEpisode":"E7","AnimeUrl":"/1536163/summer-time-rendering","NextEpisodeTimestamp":1654182000,"ImageUrl":"https://simkl.in/posters/12/12488669c4d2d2f206_ca.jpg","ImagePath":"./assets/anime_posters/1536163.png","IsFavourite":false,"FavouriteQuote":""},"/1623357/the-dawn-of-the-witch":{"Name":"The Dawn of the Witch","Synopsis":"Cervil is a magic student with no memories of his life before he met a mysterious blond woman in an alley. Now he travels with his teacher, Ross\u2014another student, Holt, and the beastman Coudeau for \u0026quot;special training\u0026quot;... but this field trip may not be as routine as it seems! ","LastEpisode":"E7","AnimeUrl":"/1623357/the-dawn-of-the-witch","NextEpisodeTimestamp":1654189080,"ImageUrl":"https://simkl.in/posters/11/1199677395387c056b_ca.jpg","ImagePath":"./assets/anime_posters/1623357.png","IsFavourite":false,"FavouriteQuote":""},"/1780032/ya-boy-kongming":{"Name":"Ya Boy Kongming!","Synopsis":"* Based on a historical fantasy timeslip comedy manga written by Yotsuba Yuuto and drawn by Ogawa Ryou.General of the Three Kingdoms, Kongming had struggled his whole life, facing countless battles that made him into the accomplished ... More strategist he was. So on his deathbed, he wished only to be reborn into a peaceful world...and was sent straight to modern-day party-central, Tokyo! Can even a brilliant strategist like Kongming adapt to the wild beats and even wilder party people?!Note: The show premiered on Abema \u0026amp; HIDIVE starting from March 31, ahead of the regular TV broadcast on April 5. Less   strategist he was. So on his deathbed, he wished only to be reborn into a peaceful world...and was sent straight to modern-day party-central, Tokyo! Can even a brilliant strategist like Kongming adapt to the wild beats and even wilder party people?!Note: The show premiered on Abema \u0026amp; HIDIVE starting from March 31, ahead of the regular TV broadcast on April 5. Less","LastEpisode":"E9","AnimeUrl":"/1780032/ya-boy-kongming","NextEpisodeTimestamp":1654178400,"ImageUrl":"https://simkl.in/posters/12/125023039ec1eadfd9_ca.jpg","ImagePath":"./assets/anime_posters/1780032.png","IsFavourite":false,"FavouriteQuote":""},"/1584039/love-after-world-domination":{"Name":"Love After World Domination","Synopsis":"* Based on a comedy romance manga by Noda Hiroshi.There are two sides to every coin...light vs. dark, good vs. evil, love vs. hate. Sometimes the line between the two grows thin...and it\u0060s so, so easy to cross. So it\u0060s no surprise ... More that Aikawa Fudou, A.K.A. Red Gelato of the Gelato Five and hero to all people, just may have happened to fall for the villainess and member of the shadow organization Gekko, Magahara Desumi! But when opposites like these attract, there\u0060s more than a few obstacles to their love...! What\u0060s a pair like this to do? Less   that Aikawa Fudou, A.K.A. Red Gelato of the Gelato Five and hero to all people, just may have happened to fall for the villainess and member of the shadow organization Gekko, Magahara Desumi! But when opposites like these attract, there\u0060s more than a few obstacles to their love...! What\u0060s a pair like this to do? Less","LastEpisode":"E8","AnimeUrl":"/1584039/love-after-world-domination","NextEpisodeTimestamp":1654259400,"ImageUrl":"https://simkl.in/posters/12/12180281721fb6ed5f_ca.jpg","ImagePath":"./assets/anime_posters/1584039.png","IsFavourite":false,"FavouriteQuote":""},"/1649313/aoashi":{"Name":"Aoashi","Synopsis":"Aoi Ashito is a young, aspiring soccer player from a backwater town in Japan. His hopes of getting into a high school with a good soccer club are dashed when he causes an incident during a critical match for his team, which results in their loss and elimination from the tournament. Nevertheless, he catches ... More the eye of someone important who happened to be visiting from Tokyo. How will things turn out for Ashito? Less   the eye of someone important who happened to be visiting from Tokyo. How will things turn out for Ashito? Less","LastEpisode":"E8","AnimeUrl":"/1649313/aoashi","NextEpisodeTimestamp":1654334700,"ImageUrl":"https://simkl.in/posters/12/1226575986c257501f_ca.jpg","ImagePath":"./assets/anime_posters/1649313.png","IsFavourite":false,"FavouriteQuote":""},"/1536159/the-executioner-and-her-way-of-life":{"Name":"The Executioner and Her Way of Life","Synopsis":"* Based on an action fantasy light novel series written by Satou Mato and illustrated by Nilitsu.The Lost Ones are wanderers who come here from a distant world known as \u0026quot;Japan.\u0026quot; No one knows how or why they leave their homes. The ... More only thing that is certain is that they bring disaster and calamity. The duty of exterminating them without remorse falls to Menou, a young Executioner. When she meets Akari, it seems like just another job...until she discovers it\u0060s impossible to kill this girl! And when Menou begins to search for a way to defeat this immortality, Akari is more than happy to tag along! So begins a journey that will change Menou forever...Note: The first two episodes received an advance release on Abema on March 20, ahead of the regular TV broadcast on April 2. Less   only thing that is certain is that they bring disaster and calamity. The duty of exterminating them without remorse falls to Menou, a young Executioner. When she meets Akari, it seems like just another job...until she discovers it\u0060s impossible to kill this girl! And when Menou begins to search for a way to defeat this immortality, Akari is more than happy to tag along! So begins a journey that will change Menou forever...Note: The first two episodes received an advance release on Abema on March 20, ahead of the regular TV broadcast on April 2. Less","LastEpisode":"E9","AnimeUrl":"/1536159/the-executioner-and-her-way-of-life","NextEpisodeTimestamp":1654270200,"ImageUrl":"https://simkl.in/posters/10/108953547ec4f2f995_ca.jpg","ImagePath":"./assets/anime_posters/1536159.png","IsFavourite":false,"FavouriteQuote":""},"/1172877/date-a-live-iv":{"Name":"Date a Live IV","Synopsis":"* Based on the light novel series written by Tachibana Koushi and illustrated by Tsunako.Ordinary high school boy Shidou discovers a mysterious girl at ground zero of a recent spacequake. Shidou learns, through his sister Kotori, ... More that the girl is one of the Spirits: mystical creatures responsible for the spacequakes. Shidou is recruited to help \u0026quot;seal\u0026quot; the spirits and end their threat to mankind. There\u2019s just one catch: the only way to seal a spirit\u2014is to make her fall in love with you. Less   that the girl is one of the Spirits: mystical creatures responsible for the spacequakes. Shidou is recruited to help \u0026quot;seal\u0026quot; the spirits and end their threat to mankind. There\u2019s just one catch: the only way to seal a spirit\u2014is to make her fall in love with you. Less","LastEpisode":"E8","AnimeUrl":"/1172877/date-a-live-iv","NextEpisodeTimestamp":1654261200,"ImageUrl":"https://simkl.in/posters/12/123605346e6ddc718e_ca.jpg","ImagePath":"./assets/anime_posters/1172877.png","IsFavourite":false,"FavouriteQuote":""},"/1406099/ascendance-of-a-bookworm":{"Name":"Ascendance of a Bookworm","Synopsis":"* Based on a fantasy light novel series written by Kazuki Miya and illustrated by Shiina Yuu.An immense display of mana in front of the Knight\u0060s Order has earned Myne the attention of nobles. The result? Yet more people appear ... More hoping to exploit the young apprentice shrine maiden\u0060s value. And so the High Priest decides to shelter Myne in the temple to safeguard her from the impending danger he foresees. But Myne\u0060s main concern is still books, and she works to advance the printing process so that their price falls and more people can buy them. Less   hoping to exploit the young apprentice shrine maiden\u0060s value. And so the High Priest decides to shelter Myne in the temple to safeguard her from the impending danger he foresees. But Myne\u0060s main concern is still books, and she works to advance the printing process so that their price falls and more people can buy them. Less","LastEpisode":"E8","AnimeUrl":"/1406099/ascendance-of-a-bookworm","NextEpisodeTimestamp":1654536540,"ImageUrl":"https://simkl.in/posters/12/120476482737a627df_ca.jpg","ImagePath":"./assets/anime_posters/1406099.png","IsFavourite":false,"FavouriteQuote":""},"/1573457/science-fell-in-love-so-i-tried-to-prove-it-2":{"Name":"Science Fell in Love, So I Tried to Prove It 2","Synopsis":"* Based on a romantic comedy seinen manga by Yamamoto Arifred.What happens when a science-inclined girl and boy who are deeply passionate about research fall in love? An ... More intelligent woman named Himuro Ayame who is a science graduate student at Saitama University happens to ask fellow science grad student Yukimura Shin\u0060ya out. Of course, there\u0060s no logical reason for this love! But as a science and engineering major, not being able to logically prove love would mean that those feelings aren\u0060t real, and they\u0060d fail as a science student. With that in mind, the two drag everyone else in the lab into trying various experiments to prove love actually exists.Note: The first episode was streamed on bilibili and Crunchyroll a few hours ahead of the Japanese broadcast. Less   intelligent woman named Himuro Ayame who is a science graduate student at Saitama University happens to ask fellow science grad student Yukimura Shin\u0060ya out. Of course, there\u0060s no logical reason for this love! But as a science and engineering major, not being able to logically prove love would mean that those feelings aren\u0060t real, and they\u0060d fail as a science student. With that in mind, the two drag everyone else in the lab into trying various experiments to prove love actually exists.Note: The first episode was streamed on bilibili and Crunchyroll a few hours ahead of the Japanese broadcast. Less","LastEpisode":"E9","AnimeUrl":"/1573457/science-fell-in-love-so-i-tried-to-prove-it-2","NextEpisodeTimestamp":1654273800,"ImageUrl":"https://simkl.in/posters/12/12437266e2e81266ee_ca.jpg","ImagePath":"./assets/anime_posters/1573457.png","IsFavourite":false,"FavouriteQuote":""},"/1616441/deaimon-recipe-for-happiness":{"Name":"Deaimon: Recipe for Happiness","Synopsis":"* Based on a slice of life seinen manga by Asano Rin.Nagomu is a man who left his home in Kyoto and his family\u0060s confectionery shop when he became a musician. Upon hearing that his father has been hospitalized though, he comes ... More back home to take over the family business. However, while he was gone, a young girl named Itsuka started working at the shop. The whereabouts of Itsuka\u0060s parents is unknown, and she has no other relatives, and Nagomu finds himself as foster parent for Itsuka. Itsuka, on the other hand, dislikes Nagomu for abandoning the family to become a musician. She proclaims that it will be her who will take over the shop one day instead of Nagomu. Less   back home to take over the family business. However, while he was gone, a young girl named Itsuka started working at the shop. The whereabouts of Itsuka\u0060s parents is unknown, and she has no other relatives, and Nagomu finds himself as foster parent for Itsuka. Itsuka, on the other hand, dislikes Nagomu for abandoning the family to become a musician. She proclaims that it will be her who will take over the shop one day instead of Nagomu. Less","LastEpisode":"E9","AnimeUrl":"/1616441/deaimon-recipe-for-happiness","NextEpisodeTimestamp":1654698600,"ImageUrl":"https://simkl.in/posters/11/11735744ec7aaef12f_ca.jpg","ImagePath":"./assets/anime_posters/1616441.png","IsFavourite":false,"FavouriteQuote":""},"/1159779/pokemon-journeys-the-series":{"Name":"Pokemon Journeys: The Series","Synopsis":"Pok\u00E9mon Trainer Satoshi has a new plan: see the world! But first, he and his partner Pikachu are headed to the opening of the Cerise Laboratory, a research facility dedicated to uncovering the mysteries of Pok\u00E9mon in every region. Ash meets Gou, another boy with boundless curiosity about Pok\u00E9mon, ... More and both are overjoyed when Professor Sakuragi asks them to become official research fellows. With Ash as determined as ever to become a Pok\u00E9mon Master, and Gou aiming to catch one of every Pok\u00E9mon (including the Mythical Mew), our heroes are in for adventure and excitement as they explore the wide world of Pok\u00E9mon! Less   and both are overjoyed when Professor Sakuragi asks them to become official research fellows. With Ash as determined as ever to become a Pok\u00E9mon Master, and Gou aiming to catch one of every Pok\u00E9mon (including the Mythical Mew), our heroes are in for adventure and excitement as they explore the wide world of Pok\u00E9mon! Less","LastEpisode":"E112","AnimeUrl":"/1159779/pokemon-journeys-the-series","NextEpisodeTimestamp":1654250100,"ImageUrl":"https://simkl.in/posters/94/94078843128ecf2db_ca.jpg","ImagePath":"./assets/anime_posters/1159779.png","IsFavourite":false,"FavouriteQuote":""},"/41422/case-closed":{"Name":"Case Closed","Synopsis":"Kudou Shin\u0060ichi is a famous 17-year-old high school detective who helps the police solve cases. While investigating a mysterious organization, he was knocked unconscious by one of them, and an experimental poison was forced down his throat. Instead of killing him, however, the drug shrunk him into a ... More little kid. In order to prevent the men in black who did this to him from hurting his friends and family, he changed his name to Edogawa Conan and took on the identity of a gifted primary school student who solves mysteries and crimes through reasoning, logic, the help of his friends and some nifty gadgets Dr. Agasa Hiroshi invented for him. Now, he lives with his childhood friend, Mouri Ran, and her father, detective Mouri Kogorou, without them knowing about his situation, and carries on his investigation of the organization that is still out to kill him. Less   little kid. In order to prevent the men in black who did this to him from hurting his friends and family, he changed his name to Edogawa Conan and took on the identity of a gifted primary school student who solves mysteries and crimes through reasoning, logic, the help of his friends and some nifty gadgets Dr. Agasa Hiroshi invented for him. Now, he lives with his childhood friend, Mouri Ran, and her father, detective Mouri Kogorou, without them knowing about his situation, and carries on his investigation of the organization that is still out to kill him. Less","LastEpisode":"E1044","AnimeUrl":"/41422/case-closed","NextEpisodeTimestamp":1654333200,"ImageUrl":"https://simkl.in/posters/57/5754156aa39a4b729_ca.jpg","ImagePath":"./assets/anime_posters/41422.png","IsFavourite":false,"FavouriteQuote":""},"/1717855/heroines-run-the-show-the-unpopular-girl-and-the-secret-task":{"Name":"Heroines Run the Show: The Unpopular Girl and the Secret Task","Synopsis":"* Based on the song Heroine Taru Mono! by HoneyWorks.Suzumi Hiyori is a high school student who moves to Tokyo and takes a part-time job as an assistant manager to the male idol duo LIP x LIP in order to make ends meet. Hiyori ... More soon learns that it\u0060s tough to juggle work, school life, and club activities, especially when the talent she\u0060s managing are also her classmates. Less   soon learns that it\u0060s tough to juggle work, school life, and club activities, especially when the talent she\u0060s managing are also her classmates. Less","LastEpisode":"E8","AnimeUrl":"/1717855/heroines-run-the-show-the-unpopular-girl-and-the-secret-task","NextEpisodeTimestamp":1654176600,"ImageUrl":"https://simkl.in/posters/12/121424950e247633b0_ca.jpg","ImagePath":"./assets/anime_posters/1717855.png","IsFavourite":false,"FavouriteQuote":""},"/1229789/dragon-quest-the-adventure-of-dai":{"Name":"Dragon Quest: The Adventure of Dai","Synopsis":"* Based on an adventure fantasy manga written by Sanjou Riku and drawn by Inada Kouji. The 37-volume manga ran in Shueisha\u0060s Weekly Shonen Jump from 1989 to 1996 and is based on the video game series Dragon Quest.The world that ... More was once afflicted by Hadlar, the Dark Lord, has regained peace in the hands of a swordsman called the \u0026quot;hero\u0026quot; and his companions. Delmurin Island became a place where monsters released from the Dark Lord lived.Dai, who is the only human on the island and longs to be a hero, lives in peace with the monsters. However, that life completely changes with the resurrection of the Dark Lord Hadlar. With promises from teachers, encounters with friends, and a destiny that cannot be escaped... In order to save the world, the adventure of Dai and his quest to be a hero begins! Less   was once afflicted by Hadlar, the Dark Lord, has regained peace in the hands of a swordsman called the \u0026quot;hero\u0026quot; and his companions. Delmurin Island became a place where monsters released from the Dark Lord lived.Dai, who is the only human on the island and longs to be a hero, lives in peace with the monsters. However, that life completely changes with the resurrection of the Dark Lord Hadlar. With promises from teachers, encounters with friends, and a destiny that cannot be escaped... In order to save the world, the adventure of Dai and his quest to be a hero begins! Less","LastEpisode":"E79","AnimeUrl":"/1229789/dragon-quest-the-adventure-of-dai","NextEpisodeTimestamp":1654302600,"ImageUrl":"https://simkl.in/posters/97/97376884a1fa46345_ca.jpg","ImagePath":"./assets/anime_posters/1229789.png","IsFavourite":false,"FavouriteQuote":""},"/1612465/dont-hurt-me-my-healer":{"Name":"Don\u0027t Hurt Me, My Healer!","Synopsis":"Fantasy adventuring comedy with a dark elf cleric who invested too much in her insulting skills and her companion, the swordsman who has to put up with her antics. ","LastEpisode":"E8","AnimeUrl":"/1612465/dont-hurt-me-my-healer","NextEpisodeTimestamp":1654430400,"ImageUrl":"https://simkl.in/posters/12/12180247f825970d19_ca.jpg","ImagePath":"./assets/anime_posters/1612465.png","IsFavourite":false,"FavouriteQuote":""},"/1608959/dance-dance-danseur":{"Name":"Dance Dance Danseur","Synopsis":"* Based on a drama dance seinen manga by George Asakura.Danseur noble--a ballet dancer qualified to dance the role of the prince. Second-year junior high school student Murao Junpei was fascinated by ballet as a boy, but gave up ... More on dancing after his father\u0060s death, as he had to become a man. However, one day, a beautiful transfer student named Godai Miyako appears before him. Miyako takes notice in Junpei\u0060s love of ballet and invites him to dance with her. Along with Miyako\u0060s cousin Mori Ruou, he begins his career as a full-fledged ballet dancer, with the aim of becoming the world\u0060s best dancer--the Danseur noble! Only those who have sacrificed everything are permitted to stand in the beautiful and harsh world of classical ballet. Less   on dancing after his father\u0060s death, as he had to become a man. However, one day, a beautiful transfer student named Godai Miyako appears before him. Miyako takes notice in Junpei\u0060s love of ballet and invites him to dance with her. Along with Miyako\u0060s cousin Mori Ruou, he begins his career as a full-fledged ballet dancer, with the aim of becoming the world\u0060s best dancer--the Danseur noble! Only those who have sacrificed everything are permitted to stand in the beautiful and harsh world of classical ballet. Less","LastEpisode":"E8","AnimeUrl":"/1608959/dance-dance-danseur","NextEpisodeTimestamp":1654273500,"ImageUrl":"https://simkl.in/posters/12/122376856e50a88599_ca.jpg","ImagePath":"./assets/anime_posters/1608959.png","IsFavourite":false,"FavouriteQuote":""},"/1773785/in-the-heart-of-kunoichi-tsubaki":{"Name":"In the Heart of Kunoichi Tsubaki","Synopsis":"The isolationist Akane Clan, composed of an all-girls body mainly consisting of young kunoichi in training, has a code to which they all must adhere:As men are dangerous beings, interacting with them is forbidden.Kunoichi ... More Tsubaki, the leader of the Dog Squad, is an excellent trainee with a promising future, but she has started to experience a strange feeling in her heart... whenever the subject of boys is brought up. Less   Tsubaki, the leader of the Dog Squad, is an excellent trainee with a promising future, but she has started to experience a strange feeling in her heart... whenever the subject of boys is brought up. Less","LastEpisode":"E8","AnimeUrl":"/1773785/in-the-heart-of-kunoichi-tsubaki","NextEpisodeTimestamp":1654354800,"ImageUrl":"https://simkl.in/posters/12/12162973443dbfa601_ca.jpg","ImagePath":"./assets/anime_posters/1773785.png","IsFavourite":false,"FavouriteQuote":""},"/1554699/rpg-real-estate":{"Name":"RPG Real Estate","Synopsis":"* Based on a fantasy slice of life manga by Kenmotsu Chiyo.The story begins 15 years after the demon king was defeated and the world has become peaceful. Kotone, who graduated from school and became a magician, inquired the kingdom-affiliated ... More RPG Real Estate in order to find a new home. In reality, RPG Real Estate was Kotone\u0060s place of employment, and together with Fa, a demi-human, the priest Rufuria, and the soldier Rakira, they help support the searches of new homes for the customers with various circumstances. Less   RPG Real Estate in order to find a new home. In reality, RPG Real Estate was Kotone\u0060s place of employment, and together with Fa, a demi-human, the priest Rufuria, and the soldier Rakira, they help support the searches of new homes for the customers with various circumstances. Less","LastEpisode":"E9","AnimeUrl":"/1554699/rpg-real-estate","NextEpisodeTimestamp":1654691400,"ImageUrl":"https://simkl.in/posters/12/12337763bae504cbe5_ca.jpg","ImagePath":"./assets/anime_posters/1554699.png","IsFavourite":false,"FavouriteQuote":""},"/1658235/miss-shachiku-and-the-little-baby-ghost":{"Name":"Miss Shachiku and the Little Baby Ghost","Synopsis":"* Based on a supernatural comedy manga by Arita Imari.When Fushihara-san, a company slave, is working at her company until midnight, she hears a voice on the floor, \u0026quot;Leave now~.\u0026quot; The voice comes from a little ghost / Yuurei-chan! ... More Yuurei-chan wants Fushihara-san to go home for her health, but Fushiara-san doesn\u0060t want to leave because she loves the cuteness of Yurei-chan. Less   Yuurei-chan wants Fushihara-san to go home for her health, but Fushiara-san doesn\u0060t want to leave because she loves the cuteness of Yurei-chan. Less","LastEpisode":"E8","AnimeUrl":"/1658235/miss-shachiku-and-the-little-baby-ghost","NextEpisodeTimestamp":1654171200,"ImageUrl":"https://simkl.in/posters/12/12236181825ec6348c_ca.jpg","ImagePath":"./assets/anime_posters/1658235.png","IsFavourite":false,"FavouriteQuote":""},"/1704537/love-all-play":{"Name":"Love All Play","Synopsis":"The story follows Mizushima Ryou, who was once an obscure badminton player in middle school. He now strives to become a top athlete and take his high school team to the inter-high tournament. ","LastEpisode":"E9","AnimeUrl":"/1704537/love-all-play","NextEpisodeTimestamp":1654331400,"ImageUrl":"https://simkl.in/posters/12/12261217dca17a1d6a_ca.jpg","ImagePath":"./assets/anime_posters/1704537.png","IsFavourite":false,"FavouriteQuote":""},"/1754477/kingdom-season-4":{"Name":"Kingdom Season 4","Synopsis":"* Based on an adventure historical seinen manga series by Hara Yasuhisa.Shin and Hyou are war-orphans in the kingdom of Qin. They dream of proving themselves on the battlefield until the day Hyou is captured by a minister. The ... More boy manages to escape and return to his village, but he is badly injured. Shin then meets a mysterious youth who bears an eerie resemblance to Hyou\u2014a boy who will one day become emperor! Less   boy manages to escape and return to his village, but he is badly injured. Shin then meets a mysterious youth who bears an eerie resemblance to Hyou\u2014a boy who will one day become emperor! Less","LastEpisode":"E8","AnimeUrl":"/1754477/kingdom-season-4","NextEpisodeTimestamp":1654358400,"ImageUrl":"https://simkl.in/posters/12/124697308ceed8bd70_ca.jpg","ImagePath":"./assets/anime_posters/1754477.png","IsFavourite":false,"FavouriteQuote":""},"/1433541/requiem-of-the-rose-king":{"Name":"Requiem of the Rose King","Synopsis":"* Based on a drama romantic shoujo manga by Kanno Aya.As the Kingdom of England is torn between the House of York and the House of Lancaster\u2014each claiming their leader to be the rightful king\u2014young Richard is fighting a battle ... More within himself. Despised by his mother, adored by his father, and alienated from most others, he grapples with frightful spirits haunting him, unsteady and unintentional alliances with his enemies, and his own passion for a throne. Less   within himself. Despised by his mother, adored by his father, and alienated from most others, he grapples with frightful spirits haunting him, unsteady and unintentional alliances with his enemies, and his own passion for a throne. Less","LastEpisode":"E20","AnimeUrl":"/1433541/requiem-of-the-rose-king","NextEpisodeTimestamp":1654435800,"ImageUrl":"https://simkl.in/posters/12/1212397107621660bc_ca.jpg","ImagePath":"./assets/anime_posters/1433541.png","IsFavourite":false,"FavouriteQuote":""},"/1625665/healer-girl":{"Name":"Healer Girl","Synopsis":"The story is set in a world where three schools of medicine are pervasive: Western medicine, Eastern medicine, and \u0026quot;vocal medicine\u0026quot;. The healing of illness and injuries via songs is a special technique that not only improves the mental health of patients, but also the mental health of doctors. Such \u0026quot;Healers\u0026quot; ... More strive to sing when called upon to respond to the health and anxiety of patients and doctors alike. The anime depicts the healer girls in training at the Karasuma Vocal Medical Institute. Less   strive to sing when called upon to respond to the health and anxiety of patients and doctors alike. The anime depicts the healer girls in training at the Karasuma Vocal Medical Institute. Less","LastEpisode":"E9","AnimeUrl":"/1625665/healer-girl","NextEpisodeTimestamp":1654524000,"ImageUrl":"https://simkl.in/posters/12/124530453e99454990_ca.jpg","ImagePath":"./assets/anime_posters/1625665.png","IsFavourite":false,"FavouriteQuote":""},"/1819422/birdie-wing-golf-girls-story":{"Name":"Birdie Wing: Golf Girls\u0027 Story","Synopsis":"Nafres, a country in Europe. Eve, a genius of golf, spends her days gambling on golf to earn a living. One day, she has a fateful encounter with Amawashi Aoi, an elite golfer and daughter of the president of a big company. Two geniuses living in completely different worlds. It was only a single shot ... More that shot through each other\u0060s heart. Eve, known for her \u0026quot;Rainbow Bullet\u0026quot;, and Aoi is an \u0026quot;innocent tyrant\u0026quot; who enjoys golf purely without any pressure. The two are attracted to each other, influenced by each other, and change each other. Less   that shot through each other\u0060s heart. Eve, known for her \u0026quot;Rainbow Bullet\u0026quot;, and Aoi is an \u0026quot;innocent tyrant\u0026quot; who enjoys golf purely without any pressure. The two are attracted to each other, influenced by each other, and change each other. Less","LastEpisode":"E9","AnimeUrl":"/1819422/birdie-wing-golf-girls-story","NextEpisodeTimestamp":1654614000,"ImageUrl":"https://simkl.in/posters/12/1215211365a938e742_ca.jpg","ImagePath":"./assets/anime_posters/1819422.png","IsFavourite":false,"FavouriteQuote":""},"/1419579/the-demon-girl-next-door-2":{"Name":"The Demon Girl Next Door 2","Synopsis":"* Based on a supernatural four-panel manga series by Itou Izumo.Our favorite supernatural powerhouse, Shamiko, AKA Shadow Mistress Yuko, aims to break the curse placed on her family by the Clan of Light. Along the way, she forms ... More an unlikely allegiance with Momo, a rival from the Light Clan! They\u0060ll need to work together to find another magical girl who\u0060s gone mysteriously missing, and what this? There\u0060s a dangerous force lurking somewhere in the city, plus Shamiko\u0060s mysterious father might be closer than she thinks? Less   an unlikely allegiance with Momo, a rival from the Light Clan! They\u0060ll need to work together to find another magical girl who\u0060s gone mysteriously missing, and what this? There\u0060s a dangerous force lurking somewhere in the city, plus Shamiko\u0060s mysterious father might be closer than she thinks? Less","LastEpisode":"E7","AnimeUrl":"/1419579/the-demon-girl-next-door-2","NextEpisodeTimestamp":1654187280,"ImageUrl":"https://simkl.in/posters/12/123345622ef7aca702_ca.jpg","ImagePath":"./assets/anime_posters/1419579.png","IsFavourite":false,"FavouriteQuote":""},"/1717853/fanfare-of-adolescence":{"Name":"Fanfare of Adolescence","Synopsis":"In a demanding school that only admits 10 to 20 students per year will unfold a youth drama that follows the lives of three young men - a boy who formerly belonged to an idol group, a boy who was raised on a remote island, and a boy from England whose parents dictate his future for him - as they train ... More to become professional horse racing jockeys. Can they make it through three years of schooling that tests not only their motor skills and academic prowess, but also their physical attributes as well? Less   to become professional horse racing jockeys. Can they make it through three years of schooling that tests not only their motor skills and academic prowess, but also their physical attributes as well? Less","LastEpisode":"E9","AnimeUrl":"/1717853/fanfare-of-adolescence","NextEpisodeTimestamp":1654353000,"ImageUrl":"https://simkl.in/posters/12/12420307d56e7d5470_ca.jpg","ImagePath":"./assets/anime_posters/1717853.png","IsFavourite":false,"FavouriteQuote":""},"/1616435/build-divide--ffffff--code-white":{"Name":"Build Divide -#FFFFFF- Code White","Synopsis":"Neo Kyoto...a city ruled by the \u0026quot;King.\u0026quot; This is where players challenge the King in \u0026quot;Rebuild Battles,\u0026quot; hoping to get their wishes fulfilled. But there\u0060s more to Neo Kyoto than meets the eye: it\u0060s a virtual realm where the best Build-Divide players are chosen to be connected to the main CPU, and then ... More fused with the program running the city. There, Teruto\u0060s battle was all about rescuing the trapped Kikka from her role as the main CPU...Time passed, and it\u0060s three years later...Neo Kyoto is now a city in ruins, looking nothing like it did before. The people are being rounded up by the King\u0060s servants, known as KUGE, and deposited into \u0026quot;Barrels\u0026quot; to steal their magical power. All in order to keep the King going...And now a girl appears, with the KUGE in pursuit. She\u0060s the former King, Kurabe Kikka. Although she was once known as the most powerful King in Neo Kyoto\u0060s history, even Kikka is helpless against the KUGE, and is constantly on the run from them. After all, Kikka has no Build-Divide deck in hand. Day after day, she continues to flee with no respite, consumed by all kinds of regrets. Now that she\u0060s on the brink of despair, who should reach out a helping hand to her but...?In the ruins of Neo Kyoto, the two girls take each other by the hand. And now, their battle is about to begin...the one that will lead them to the person that they both cherish. Less   fused with the program running the city. There, Teruto\u0060s battle was all about rescuing the trapped Kikka from her role as the main CPU...Time passed, and it\u0060s three years later...Neo Kyoto is now a city in ruins, looking nothing like it did before. The people are being rounded up by the King\u0060s servants, known as KUGE, and deposited into \u0026quot;Barrels\u0026quot; to steal their magical power. All in order to keep the King going...And now a girl appears, with the KUGE in pursuit. She\u0060s the former King, Kurabe Kikka. Although she was once known as the most powerful King in Neo Kyoto\u0060s history, even Kikka is helpless against the KUGE, and is constantly on the run from them. After all, Kikka has no Build-Divide deck in hand. Day after day, she continues to flee with no respite, consumed by all kinds of regrets. Now that she\u0060s on the brink of despair, who should reach out a helping hand to her but...?In the ruins of Neo Kyoto, the two girls take each other by the hand. And now, their battle is about to begin...the one that will lead them to the person that they both cherish. Less","LastEpisode":"E8","AnimeUrl":"/1616435/build-divide--ffffff--code-white","NextEpisodeTimestamp":1654183800,"ImageUrl":"https://simkl.in/posters/12/124540328363bbd5ac_ca.jpg","ImagePath":"./assets/anime_posters/1616435.png","IsFavourite":false,"FavouriteQuote":""},"/1816212/amaim-warrior-at-the-borderline":{"Name":"AMAIM Warrior at the Borderline","Synopsis":"After world tyrants conquer Japan, a young freedom fighter and his mech ignite the flames of rebellion within its oppressed people! ","LastEpisode":"E8","AnimeUrl":"/1816212/amaim-warrior-at-the-borderline","NextEpisodeTimestamp":1654527600,"ImageUrl":"https://simkl.in/posters/12/12463094da276a6ad4_ca.jpg","ImagePath":"./assets/anime_posters/1816212.png","IsFavourite":false,"FavouriteQuote":""},"/1676057/strike-the-blood-final":{"Name":"Strike the Blood Final","Synopsis":"* Based on a light novel series written by Mikumo Gakuto with illustrations by Manyako. ","LastEpisode":"E2","AnimeUrl":"/1676057/strike-the-blood-final","NextEpisodeTimestamp":1656428400,"ImageUrl":"https://simkl.in/posters/12/1244059232833306cb_ca.jpg","ImagePath":"./assets/anime_posters/1676057.png","IsFavourite":false,"FavouriteQuote":""},"/1731613/black-rock-shooter-dawn-fall":{"Name":"Black Rock Shooter: Dawn Fall","Synopsis":"It is the year 2062, two decades after the failure of a massive workforce automation project. However, Artemis, the artificial intelligence at the core of that project, had decided to attack humanity, and the resulting war laid waste to Earth.A ... More lone girl, Empress, wakes up in an underground laboratory at a base. She is one of three surviving guardians of humanity. However, she has no memories of what came before. All she knows is what a colonel of the peace-building force tells her.Artemis is constructing a space elevator to link the Moon and Earth, and Empress is ordered to destroy the space elevator before its completion. If the elevator is completed, the hordes of giant mechanized forces being mass-produced on the Moon will descend upon Earth.However, standing in the way of Empress are her supposed allies Dead Master and Strength, as well as the unmanned pawn forces of Artemis, Smiley of the \u0026quot;Educational Institution\u0026quot; cult, and more.Empress makes her advance towards the space elevator with the colonel and others. What awaits them there... Less   lone girl, Empress, wakes up in an underground laboratory at a base. She is one of three surviving guardians of humanity. However, she has no memories of what came before. All she knows is what a colonel of the peace-building force tells her.Artemis is constructing a space elevator to link the Moon and Earth, and Empress is ordered to destroy the space elevator before its completion. If the elevator is completed, the hordes of giant mechanized forces being mass-produced on the Moon will descend upon Earth.However, standing in the way of Empress are her supposed allies Dead Master and Strength, as well as the unmanned pawn forces of Artemis, Smiley of the \u0026quot;Educational Institution\u0026quot; cult, and more.Empress makes her advance towards the space elevator with the colonel and others. What awaits them there... Less","LastEpisode":"E9","AnimeUrl":"/1731613/black-rock-shooter-dawn-fall","NextEpisodeTimestamp":1654437600,"ImageUrl":"https://simkl.in/posters/12/124531137d1da49c86_ca.jpg","ImagePath":"./assets/anime_posters/1731613.png","IsFavourite":false,"FavouriteQuote":""},"/1467793/cue":{"Name":"Cue!","Synopsis":"* Based on an idol-training mobile game produced by Liber Entertainment.The brand-new voice actor office \u0026quot;AiRBLUE\u0026quot; has no track record or experience. Aspiring voice actors with rich individuality are signed on to the office. They ... More do their best to achieve their dreams, but it\u0060s a tough world out there. No matter how much they practice, not everyone will pass the audition.Note: The first episode received an early web premier on bilibili on January 7. The regular TV broadcast started on January 8. Less   do their best to achieve their dreams, but it\u0060s a tough world out there. No matter how much they practice, not everyone will pass the audition.Note: The first episode received an early web premier on bilibili on January 7. The regular TV broadcast started on January 8. Less","LastEpisode":"E20","AnimeUrl":"/1467793/cue","NextEpisodeTimestamp":1654275300,"ImageUrl":"https://simkl.in/posters/11/1199998354aee440ec_ca.jpg","ImagePath":"./assets/anime_posters/1467793.png","IsFavourite":false,"FavouriteQuote":""},"/1632629/love-live-nijigasaki-high-school-idol-club":{"Name":"Love Live! Nijigasaki High School Idol Club","Synopsis":"Nijigasaki High School is known for their diverse subjects and the freedom they give to students. Second-year student Takasaki Yuu has been turned on to the charms of school idols, so she knocks on the door of the School Idol Club with her friend, Uehara Ayumu.  ... More Sometimes friends, sometimes rivals, the members of this club each contribute their own thoughts and motivations to the group. Less   Sometimes friends, sometimes rivals, the members of this club each contribute their own thoughts and motivations to the group. Less","LastEpisode":"E9","AnimeUrl":"/1632629/love-live-nijigasaki-high-school-idol-club","NextEpisodeTimestamp":1654347600,"ImageUrl":"https://simkl.in/posters/11/11340109f5410a10f0_ca.jpg","ImagePath":"./assets/anime_posters/1632629.png","IsFavourite":false,"FavouriteQuote":""},"/1697663/digimon-ghost-game":{"Name":"Digimon Ghost Game","Synopsis":"In a little near future when a new technology has developed. On social networking sites, rumors of an unknown strange phenomenon called \u0026quot;hologram ghosts\u0026quot; are flying around. First year junior high school student, Amanokawa Hiro, activates a mysterious device called \u0026quot;Digivice\u0026quot; left by his father. As a ... More result, he is able to see unknown creatures called \u0026quot;Digimon\u0026quot; that are invisible to ordinary people. From the day he met Gammamon, a mischievous Digimon entrusted to him by his father, he becomes involved in a variety of bizarre phenomena. The \u0026quot;Mouth Sewing Man\u0026quot; who steals human time, the \u0026quot;Mummy Man\u0026quot; who wanders around at night and kidnaps people... The hologram ghosts are right next to us, and they are out to get us. What follows is a story of the other side of the world that no one knows. Together with Gammamon and his friends, Hiro steps into the mysterious world where Digimon live. Less   result, he is able to see unknown creatures called \u0026quot;Digimon\u0026quot; that are invisible to ordinary people. From the day he met Gammamon, a mischievous Digimon entrusted to him by his father, he becomes involved in a variety of bizarre phenomena. The \u0026quot;Mouth Sewing Man\u0026quot; who steals human time, the \u0026quot;Mummy Man\u0026quot; who wanders around at night and kidnaps people... The hologram ghosts are right next to us, and they are out to get us. What follows is a story of the other side of the world that no one knows. Together with Gammamon and his friends, Hiro steps into the mysterious world where Digimon live. Less","LastEpisode":"E27","AnimeUrl":"/1697663/digimon-ghost-game","NextEpisodeTimestamp":1654387200,"ImageUrl":"https://simkl.in/posters/12/121371359eac8812ed_ca.jpg","ImagePath":"./assets/anime_posters/1697663.png","IsFavourite":false,"FavouriteQuote":""},"/1561495/the-ancient-magus-bride-the-boy-from-the-west-and-the-knight-of-the-blue-storm":{"Name":"The Ancient Magus\u0027 Bride: The Boy from the West and the Knight of the Blue Storm","Synopsis":"* Based on a shounen manga by Yamazaki Kore.Gabriel is an ordinary boy who just moved from London and was bored with his surrounding, until one day, he saw a wisp of purple smoke from the window of his house. At that time, he hurriedly ... More chased the smoke, looking for any kind of freedom and fun. Though they should not, the world of boys and wizards soon intersect...Meanwhile, in the middle of an uncommon regular day, where Elias is helping Chise prepare to head to the college, Spriggan arrives at the mansion on a seemingly creepy horse with a grim message, \u0026quot;the appearance of the ghost hunting corps. this time is very odd\u0026quot;.Note: The episodes were bundled with volumes 16 through 18 of the manga series. Less   chased the smoke, looking for any kind of freedom and fun. Though they should not, the world of boys and wizards soon intersect...Meanwhile, in the middle of an uncommon regular day, where Elias is helping Chise prepare to head to the college, Spriggan arrives at the mansion on a seemingly creepy horse with a grim message, \u0026quot;the appearance of the ghost hunting corps. this time is very odd\u0026quot;.Note: The episodes were bundled with volumes 16 through 18 of the manga series. Less","LastEpisode":"E2","AnimeUrl":"/1561495/the-ancient-magus-bride-the-boy-from-the-west-and-the-knight-of-the-blue-storm","NextEpisodeTimestamp":1662649200,"ImageUrl":"https://simkl.in/posters/11/11823664f23063d40e_ca.jpg","ImagePath":"./assets/anime_posters/1561495.png","IsFavourite":false,"FavouriteQuote":""},"/1815402/kagi-nado":{"Name":"Kagi-nado","Synopsis":"\u2015\u2015This is the story of a small miracle... Or of breaking it?New visitors from different universes arrive in \u0026quot;Kaginado Academy\u0026quot;; Are they new stars, or perhaps dark clouds that shroud the skies?They ... More reject the world.They revolt against the being that structured the world.However, when they approach the world\u0060s secrets, the ones that love the world stand in their way.A world-shattering battle is about to begin...!? Less   reject the world.They revolt against the being that structured the world.However, when they approach the world\u0060s secrets, the ones that love the world stand in their way.A world-shattering battle is about to begin...!? Less","LastEpisode":"E8","AnimeUrl":"/1815402/kagi-nado","NextEpisodeTimestamp":1654617600,"ImageUrl":"https://simkl.in/posters/12/124305004c9023bd88_ca.jpg","ImagePath":"./assets/anime_posters/1815402.png","IsFavourite":false,"FavouriteQuote":""},"/1840428/onipan":{"Name":"Onipan!","Synopsis":"Three oni-kids who, through the power of the onipan (a portmanteau of \u0026quot;oni\u0026quot; and \u0026quot;pantsu\u0026quot;) become human to help fix the relationship between humans and oni. The three girls transfer into a normal Tokyo high school to aid in their task and help fix their image by revitalizing the town, sometimes jumping ... More headfirst into school events, and other times ... becoming idols!Note: It was broadcast on the TV Tokyo network program \u0026quot;Oha Suta\u0026quot;. Less   headfirst into school events, and other times ... becoming idols!Note: It was broadcast on the TV Tokyo network program \u0026quot;Oha Suta\u0026quot;. Less","LastEpisode":"E39","AnimeUrl":"/1840428/onipan","NextEpisodeTimestamp":1654225200,"ImageUrl":"https://simkl.in/posters/12/1239558957f634c084_ca.jpg","ImagePath":"./assets/anime_posters/1840428.png","IsFavourite":false,"FavouriteQuote":""},"/1768565/delicious-party-pretty-cure":{"Name":"Delicious Party Pretty Cure","Synopsis":"The mysterious, delicious world of CooKingdom, which rules over all the cuisine in this world.  CooKingdom has closely guarded the Recipe-Bon, in which it\u0060s ... More written how to prepare any dish. But, oh no! One day, it gets stolen by the Bundoru Gang!  The Bundoru Gang plans to monopolize everything for themselves, and their next target is the Cuisine Fairy Recipeppi...  The Energy Fairies have come to Oishi-Na Town in the human world in search of the Recipe-Bon. With their help, an unexpected turn of events leads to three ordinary girls transforming into Pretty Cures! Less   written how to prepare any dish. But, oh no! One day, it gets stolen by the Bundoru Gang!  The Bundoru Gang plans to monopolize everything for themselves, and their next target is the Cuisine Fairy Recipeppi...  The Energy Fairies have come to Oishi-Na Town in the human world in search of the Recipe-Bon. With their help, an unexpected turn of events leads to three ordinary girls transforming into Pretty Cures! Less","LastEpisode":"E12","AnimeUrl":"/1768565/delicious-party-pretty-cure","NextEpisodeTimestamp":1654385400,"ImageUrl":"https://simkl.in/posters/12/12517261889802ec6c_ca.jpg","ImagePath":"./assets/anime_posters/1768565.png","IsFavourite":false,"FavouriteQuote":""},"/1745089/shadowverse-flame":{"Name":"Shadowverse Flame","Synopsis":"Several years after an incident that plunged the world into chaos, the world is once again at peace. Shadowverse has become even more popular, and the Shadowverse Battle Academy, or Shadoba Academy, had been established to train people into professional players.Tenryuu ... More Light, an eighth-grader, is by changed asked by Zelga Wolfram, the founder of Shadoba Academy, to transfer to his academy. Light, a complete Shadowverse novice, decides to join a \u0026quot;Shadoba Club\u0026quot; due to his best friend that wanted him to, Makabe Subaru. Shadoba Clubs are clubs composed of students who are serious about Shadowverse, and there are seven of them. Light, by chance, decides to join one of them, \u0026quot;Seventh Flame\u0026quot;. However, Seventh Flame has only one member and is in danger of being discontinued! In order to keep the club alive, Light, along with Mitsutagawa Itsuki, the head of Seventh Flame, and Makabe Subaru, decide to look for new members. But there\u0060s a suspicious person hiding in the shadows: Hazeura Haruma, the head of the Shadoba club \u0026quot;First Reaper\u0026quot;... Less   Light, an eighth-grader, is by changed asked by Zelga Wolfram, the founder of Shadoba Academy, to transfer to his academy. Light, a complete Shadowverse novice, decides to join a \u0026quot;Shadoba Club\u0026quot; due to his best friend that wanted him to, Makabe Subaru. Shadoba Clubs are clubs composed of students who are serious about Shadowverse, and there are seven of them. Light, by chance, decides to join one of them, \u0026quot;Seventh Flame\u0026quot;. However, Seventh Flame has only one member and is in danger of being discontinued! In order to keep the club alive, Light, along with Mitsutagawa Itsuki, the head of Seventh Flame, and Makabe Subaru, decide to look for new members. But there\u0060s a suspicious person hiding in the shadows: Hazeura Haruma, the head of the Shadoba club \u0026quot;First Reaper\u0026quot;... Less","LastEpisode":"E9","AnimeUrl":"/1745089/shadowverse-flame","NextEpisodeTimestamp":1654304400,"ImageUrl":"https://simkl.in/posters/12/12621187ff9eee5c1b_ca.jpg","ImagePath":"./assets/anime_posters/1745089.png","IsFavourite":false,"FavouriteQuote":""},"/1823134/mahjong-soul-pon":{"Name":"Mahjong Soul Pon","Synopsis":"No synopsis information has been added to this title. Help improve our database by adding a synopsis here. ","LastEpisode":"E8","AnimeUrl":"/1823134/mahjong-soul-pon","NextEpisodeTimestamp":1654275000,"ImageUrl":"https://simkl.in/posters/12/12413525aa4499766b_ca.jpg","ImagePath":"./assets/anime_posters/1823134.png","IsFavourite":false,"FavouriteQuote":""},"/1785094/yatogame-chan-kansatsu-nikki-4":{"Name":"Yatogame-chan Kansatsu Nikki 4","Synopsis":"* Based on Andou Masaki\u0060s 4-koma manga.After growing up in Tokyo, high school student Jin Kaito moves to Nagoya where he meets Yatogame Monaka, a fellow student who puts her Nagoya dialect on full display. With her cat-like appearance ... More and unvarnished Nagoya dialect, Yatogame won\u0060t open up to him at all. This popular local comedy is increasing the status of Nagoya through observation of the adorable Yatogame-chan! Less   and unvarnished Nagoya dialect, Yatogame won\u0060t open up to him at all. This popular local comedy is increasing the status of Nagoya through observation of the adorable Yatogame-chan! Less","LastEpisode":"E8","AnimeUrl":"/1785094/yatogame-chan-kansatsu-nikki-4","NextEpisodeTimestamp":1654343640,"ImageUrl":"https://simkl.in/posters/12/12461146606914bac2_ca.jpg","ImagePath":"./assets/anime_posters/1785094.png","IsFavourite":false,"FavouriteQuote":""},"/1673367/waccha-primagi":{"Name":"Waccha PriMagi!","Synopsis":"Middle-school first-year student Hibino Matsuri loves festivals, and she dreams of one day being able to star in \u0026quot;PriMagi\u0026quot;, a magic-like form of stage entertainment borne from song, dance and fashion. That day arrives when the hyper-spirited, trouble-making magician Myamu arrives from the magical realm ... More and scouts Matsuri for PriMagi. Together, the two compete with rivals to rise to the top of PriMagi. Less   and scouts Matsuri for PriMagi. Together, the two compete with rivals to rise to the top of PriMagi. Less","LastEpisode":"E32","AnimeUrl":"/1673367/waccha-primagi","NextEpisodeTimestamp":1654390800,"ImageUrl":"https://simkl.in/posters/11/11706754977c98d584_ca.jpg","ImagePath":"./assets/anime_posters/1673367.png","IsFavourite":false,"FavouriteQuote":""},"/1809624/yuu-gi-ou-go-rush":{"Name":"Yuu Gi Ou: Go Rush!!","Synopsis":"No synopsis information has been added to this title. Help improve our database by adding a synopsis here. ","LastEpisode":"E9","AnimeUrl":"/1809624/yuu-gi-ou-go-rush","NextEpisodeTimestamp":1654381800,"ImageUrl":"https://simkl.in/posters/12/12449325abef05c416_ca.jpg","ImagePath":"./assets/anime_posters/1809624.png","IsFavourite":false,"FavouriteQuote":""},"/644079/black-clover":{"Name":"Black Clover","Synopsis":"* Based on a fantasy shounen manga series written and illustrated by Tabata Yuuki.Asta and Yuno are orphans who were raised together from birth after being abandoned at a church orphanage on the outskirts of the Clover Kingdom ... More at the same time. In a world where everyone has the natural ability to perform a kind of magic, or a Magical Power (\u9B54\u529B Maryoku), Asta is the only person born without any, leading him to train physically as compensation. Conversely, Yuno was born as a prodigy with immense magical power and the talent to control it. When they are 15, Asta and Yuno are granted the ability to become wizards known as Magic Knights by receiving grimoires, with which all magical power is channeled. Yuno is granted a wind-based grimoire held by the kingdom\u0060s first Wizard King, while Asta does not receive one. However, when a thief incapacitates Yuno to try and sell his grimoire on the black market, Asta summons his own grimoire, which contains the rare and mysterious Anti-Magic (enabling him to cancel out all magical effects), to defeat him. The story then follows the two boys in their time within separate squads in the Magic Knights, as they build a friendly rivalry to try and become the Wizard King themselves. Less   at the same time. In a world where everyone has the natural ability to perform a kind of magic, or a Magical Power (\u9B54\u529B Maryoku), Asta is the only person born without any, leading him to train physically as compensation. Conversely, Yuno was born as a prodigy with immense magical power and the talent to control it. When they are 15, Asta and Yuno are granted the ability to become wizards known as Magic Knights by receiving grimoires, with which all magical power is channeled. Yuno is granted a wind-based grimoire held by the kingdom\u0060s first Wizard King, while Asta does not receive one. However, when a thief incapacitates Yuno to try and sell his grimoire on the black market, Asta summons his own grimoire, which contains the rare and mysterious Anti-Magic (enabling him to cancel out all magical effects), to defeat him. The story then follows the two boys in their time within separate squads in the Magic Knights, as they build a friendly rivalry to try and become the Wizard King themselves. Less","LastEpisode":"E170","AnimeUrl":"/644079/black-clover","NextEpisodeTimestamp":1617096300,"ImageUrl":"https://simkl.in/posters/80/8088506bcc6e66818_ca.jpg","ImagePath":"./assets/anime_posters/644079.png","IsFavourite":false,"FavouriteQuote":""},"/532942/my-hero-academia":{"Name":"My Hero Academia","Synopsis":"Midoriya Izuku was just a regular middle school student in a world where people with superpowers known as Quirks are the norm. However, he dreams of one day becoming a Hero, despite being bullied by his classmates for not having a Quirk. After being the only one to try and save his childhood friend Katsuki ... More from a Villain, All Might, the world\u0060s greatest Hero transfers his own quirk, One For All, to Midoriya. The story follows Midoriya\u0060s entrance into Yuuei High School, a Hero Academy that aims to train and raise their students into great heroes. Less   from a Villain, All Might, the world\u0060s greatest Hero transfers his own quirk, One For All, to Midoriya. The story follows Midoriya\u0060s entrance into Yuuei High School, a Hero Academy that aims to train and raise their students into great heroes. Less","LastEpisode":"E113","AnimeUrl":"/532942/my-hero-academia","NextEpisodeTimestamp":1466928000,"ImageUrl":"https://simkl.in/posters/68/68787301ee468139b_ca.jpg","ImagePath":"./assets/anime_posters/532942.png","IsFavourite":false,"FavouriteQuote":""},"/1766469/spy-x-family":{"Name":"Spy x Family","Synopsis":"* Based on a spy action comedy manga by Endou Tatsuya.Master spy Twilight is the best at what he does when it comes to going undercover on dangerous missions in the name of a better world. But when he receives the ultimate impossible ... More assignment\u2014get married and have a kid\u2014he may finally be in over his head! Less   assignment\u2014get married and have a kid\u2014he may finally be in over his head! Less","LastEpisode":"E8","AnimeUrl":"/1766469/spy-x-family","NextEpisodeTimestamp":1654351200,"ImageUrl":"https://simkl.in/posters/12/12359659eec900ad8a_ca.jpg","ImagePath":"./assets/anime_posters/1766469.png","IsFavourite":true,"FavouriteQuote":"I haven\u0027t watched this yet lol"},"/1160299/the-rising-of-the-shield-hero-season-2":{"Name":"The Rising of the Shield Hero Season 2","Synopsis":"* Based on a fantasy adventure light novel series written by Aneko Yusagi and illustrated by Minami Seira.Iwatani Naofumi, a run-of-the-mill otaku, finds a book in the library that summons him to another world. He is tasked with ... More joining the sword, spear, and bow as one of the Four Cardinal Heroes and fighting the Waves of Catastrophe as the Shield Hero. Excited by the prospect of a grand adventure, Naofumi sets off with his party. However, merely a few days later, he is betrayed and loses all his money, dignity, and respect. Unable to trust anyone anymore, he employs a slave named Raphtalia and takes on the Waves and the world. But will he really find a way to overturn this desperate situation? Less   joining the sword, spear, and bow as one of the Four Cardinal Heroes and fighting the Waves of Catastrophe as the Shield Hero. Excited by the prospect of a grand adventure, Naofumi sets off with his party. However, merely a few days later, he is betrayed and loses all his money, dignity, and respect. Unable to trust anyone anymore, he employs a slave named Raphtalia and takes on the Waves and the world. But will he really find a way to overturn this desperate situation? Less","LastEpisode":"E9","AnimeUrl":"/1160299/the-rising-of-the-shield-hero-season-2","NextEpisodeTimestamp":1654693200,"ImageUrl":"https://simkl.in/posters/12/124247184e8edeeb22_ca.jpg","ImagePath":"./assets/anime_posters/1160299.png","IsFavourite":true,"FavouriteQuote":""}}